the,3510
to,2764
a,1958
and,1913
in,1702
of,1580
s,1575
is,1403
you,1373
i,1301
for,1271
trump,1266
we,1153
on,1126
hillary,1086
it,849
that,846
will,789
be,778
t,702
he,615
our,603
with,594
this,558
thank,556
not,537
are,525
great,521
have,499
donald,486
can,465
at,432
who,430
america,426
all,421
people,419
has,397
just,392
president,388
his,377
me,361
as,358
make,355
from,351
about,351
was,350
so,344
by,343
my,320
clinton,320
she,318
they,317
what,305
no,296
one,291
your,290
do,286
her,282
if,275
new,271
out,266
more,258
but,238
us,238
now,236
get,234
let,229
when,228
would,228
like,224
vote,208
re,205
today,201
cruz,200
country,199
an,198
up,195
again,192
should,191
how,188
their,187
than,185
very,184
women,180
never,178
crooked,178
only,176
time,176
big,171
or,166
going,163
don,162
tonight,159
many,159
back,157
there,155
americans,154
need,154
families,154
campaign,152
american,151
them,151
am,151
m,147
together,146
good,145
him,145
been,141
join,141
last,141
watch,137
want,136
here,135
why,134
day,134
other,133
ted,131
first,131
win,130
know,129
go,129
much,126
every,125
said,123
ve,122
love,121
see,120
had,118
got,117
u,117
because,116
night,115
h,114
years,114
job,113
against,112
won,112
say,110
jobs,109
way,108
obama,107
right,106
support,105
bad,104
take,104
says,103
republican,101
poll,99
too,98
speech,98
000,97
made,96
work,96
believe,95
down,95
everyone,93
better,93
even,93
doesn,93
tax,92
most,92
ever,92
live,92
enjoy,91
candidate,91
plan,88
media,87
tomorrow,86
world,86
economy,83
really,83
election,82
over,82
show,82
pay,81
million,81
bernie,80
did,80
look,80
millions,79
rubio,79
debate,78
help,78
ll,77
best,77
iowa,76
amazing,76
were,75
stop,74
things,74
woman,73
being,73
wants,73
proud,72
keep,72
history,72
after,72
could,72
wall,71
man,71
making,71
rights,71
fight,71
states,71
party,69
into,69
where,69
1,68
york,68
national,68
care,68
think,67
business,67
united,66
nothing,66
state,66
sure,66
done,66
presidential,66
carolina,66
totally,65
isn,65
family,65
ohio,65
2,65
working,65
life,65
those,64
wow,64
interviewed,64
wrong,64
own,63
must,63
next,63
hard,62
money,62
still,61
change,61
another,61
stand,60
8,60
run,60
soon,60
put,60
real,60
gun,60
off,60
crowd,60
news,59
some,59
while,59
person,59
two,58
violence,58
morning,58
always,58
well,57
florida,57
doing,57
thanks,56
does,56
polls,56
rally,55
build,55
failing,54
safe,54
senator,53
7,53
year,53
voting,53
come,52
hate,52
beat,52
running,52
these,52
isis,52
d,52
w,52
hampshire,51
same,51
home,51
didn,51
debt,51
kids,51
story,50
anyone,50
policy,50
give,50
week,49
under,49
immigration,49
tell,49
dishonest,49
then,49
ago,49
words,48
health,48
each,48
south,48
chief,48
thing,48
lost,48
jeb,48
lgbt,48
watching,47
white,47
convention,47
everything,47
forward,47
supporters,47
sanders,47
video,47
fighting,46
getting,46
nice,46
any,46
foreign,46
ready,46
3,46
law,46
stronger,46
before,46
nation,46
record,45
5,45
gop,45
himself,45
strong,45
indiana,45
total,45
endorsement,44
house,44
movement,44
long,44
deal,44
voters,44
also,44
sad,44
looking,44
little,43
wonderful,43
commander,43
remember,43
guy,43
which,42
called,42
primary,42
attack,42
marco,42
happy,42
far,41
spent,41
4,41
10,41
talk,41
matter,41
saying,41
deserve,40
college,40
republicans,40
someone,40
lot,40
true,40
born,40
tough,40
future,40
virginia,39
special,39
paid,39
11,39
lyin,39
child,39
gets,38
honor,38
bill,38
kasich,38
left,38
00,38
since,38
p,38
become,38
fact,38
failed,38
agree,38
choice,38
looks,37
knows,37
place,37
days,37
free,37
needs,37
children,37
yet,37
lives,37
economic,37
justice,37
war,37
security,37
interview,37
bring,37
veterans,37
fix,37
c,36
pence,36
both,36
small,36
city,36
street,35
university,35
police,35
nevada,35
actually,35
tickets,35
2016,35
until,35
yesterday,34
ratings,34
office,34
votes,34
chance,34
ad,34
massive,34
leader,33
pennsylvania,33
gave,33
romney,33
important,33
call,33
close,33
read,33
nomination,33
away,33
race,33
major,33
6,33
smart,32
democrats,32
protect,32
times,32
ads,32
part,32
dangerous,32
enough,32
lies,32
message,32
its,32
policies,32
values,32
team,32
meeting,31
hear,31
took,31
phony,31
30,31
others,31
find,31
mexico,31
seen,31
washington,31
cannot,31
warren,31
bush,31
november,31
fox,31
disaster,31
lead,30
something,30
once,30
energy,30
respect,30
returns,30
equal,30
nominee,30
african,30
save,30
problem,30
anything,30
act,30
such,30
tune,30
presidency,30
kind,29
weak,29
immigrants,29
serve,29
end,29
numbers,29
share,29
black,29
behind,29
everybody,29
100,29
able,29
during,29
takes,29
john,29
less,29
hope,29
system,29
makes,29
via,29
leadership,29
saw,29
asked,29
lightweight,28
mike,28
v,28
across,28
killed,28
texas,28
friends,28
meet,28
used,28
low,28
shows,28
face,28
told,28
stage,28
trying,28
trade,28
workers,27
plans,27
cnn,27
talking,27
arizona,27
badly,27
nobody,27
common,27
zero,27
talks,27
middle,27
may,27
north,27
officers,27
endorsed,27
heart,27
false,27
illegal,27
senate,27
leave,27
military,27
community,26
student,26
education,26
candidates,26
without,26
qualified,26
class,26
orlando,26
top,26
already,26
politicians,26
california,26
hit,26
terrible,26
start,26
happen,26
negative,26
rigged,26
action,26
watched,26
rt,26
fear,25
leaving,25
questions,25
9,25
wisconsin,25
shouldn,25
elizabeth,25
taking,25
trail,25
funding,25
coming,25
public,25
mr,25
lose,25
delegates,25
governor,25
clear,25
lie,25
fraud,25
chip,25
climate,25
gold,25
young,25
biased,25
reform,25
around,25
anti,25
wage,25
democratic,25
mitt,24
press,24
worst,24
worse,24
calls,24
released,24
judge,24
almost,24
progress,24
businesses,24
goofy,24
15,24
fantastic,24
e,24
between,24
heard,24
taxes,24
self,24
imagine,24
fair,24
four,24
7pm,23
political,23
victory,23
judgement,23
cut,23
raise,23
through,23
else,23
ask,23
event,23
unfit,23
friend,23
couldn,23
speak,23
voted,23
thinks,23
afford,23
alone,23
muslims,23
men,23
listen,23
tim,22
check,22
winning,22
please,22
20,22
general,22
star,22
tuesday,22
aren,22
reality,22
terrorism,22
vp,22
nuclear,22
means,22
interests,22
spending,22
try,22
pick,22
russia,22
incredible,21
follow,21
paying,21
crime,21
crisis,21
head,21
least,21
idea,21
mom,21
16,21
started,21
word,21
colorado,21
victims,21
set,21
full,21
open,21
release,21
instead,20
wife,20
politics,20
thousands,20
attacks,20
mother,20
report,20
leaders,20
tremendous,20
text,20
47246,20
crazy,20
terrorist,20
high,20
standing,20
line,20
poverty,20
learn,20
company,20
having,20
possible,20
donaldtrump,20
service,20
lying,19
caucus,19
statement,19
playing,19
minimum,19
liar,19
students,19
shot,19
12,19
elect,19
room,19
heading,19
dems,19
border,19
ahead,19
joke,19
daughter,19
congratulations,19
vice,18
court,18
conference,18
biggest,18
entire,18
forget,18
borders,18
amendment,18
speaking,18
billion,18
went,18
michigan,18
registered,18
evening,18
early,18
card,18
honored,18
enforcement,18
defeat,18
parents,18
past,18
case,18
zika,18
atlantic,18
allowed,18
old,18
whether,17
whole,17
joe,17
few,17
usa,17
issues,17
higher,17
leading,17
radical,17
racism,17
name,17
school,17
center,17
barriers,17
access,17
create,17
wonder,17
living,17
happening,17
kaine,17
yes,17
answer,17
cleveland,17
hands,17
clean,17
miss,17
dream,17
taken,17
building,17
fired,17
supporting,17
terror,17
order,17
threat,17
results,17
terrorists,17
play,17
register,17
melania,17
rich,17
use,16
problems,16
dumb,16
guns,16
racist,16
weapons,16
ideas,16
given,16
turn,16
equality,16
happened,16
birthday,16
greatest,16
rnc,16
experience,16
trust,16
despite,16
mate,16
affordable,16
correct,16
canada,16
faith,16
finally,16
side,16
rhetoric,16
companies,16
stay,16
prayers,16
michael,16
barack,16
iran,16
truly,16
iraq,16
strength,16
vets,16
hours,16
former,16
address,16
foundation,16
easier,16
wins,16
hurt,16
second,16
book,15
pa,15
feel,15
lets,15
r,15
50,15
kentucky,15
saturday,15
group,15
works,15
protecting,15
reporting,15
allies,15
rallies,15
decision,15
politician,15
secret,15
courage,15
treated,15
none,15
town,15
exactly,15
including,15
held,15
tried,15
helped,15
using,15
increase,15
months,15
air,15
secretary,15
break,15
decisions,15
louisiana,15
david,15
sent,15
mexican,15
congress,15
along,15
proven,15
son,15
came,15
crowds,14
pushing,14
congrats,14
refuses,14
list,14
serious,14
endorsing,14
countries,14
god,14
risk,14
supreme,14
add,14
criminal,14
moment,14
wages,14
mental,14
nafta,14
different,14
especially,14
potential,14
interesting,14
wait,14
father,14
dead,14
facts,14
thoughts,14
personal,14
highest,14
freedom,14
twitter,14
harder,14
discrimination,14
career,14
horrible,14
written,14
control,14
game,14
pretty,14
tuition,14
celebrate,14
hall,14
club,14
mails,14
interest,14
tv,14
gone,14
putin,14
laws,14
ways,14
destroy,14
raised,14
o,14
losing,14
hold,14
wednesday,14
deals,13
graham,13
emails,13
known,13
rate,13
review,13
profit,13
millionaires,13
charge,13
apart,13
gov,13
mess,13
tampa,13
tweet,13
success,13
judgment,13
announced,13
nasty,13
single,13
benefits,13
represent,13
solve,13
democrat,13
disgusting,13
super,13
unfair,13
opportunity,13
folks,13
worth,13
heritage,13
anymore,13
reason,13
safety,13
khan,13
poor,13
thinking,13
et,13
muslim,13
cost,13
supported,13
voice,13
highly,13
casinos,13
voter,13
lift,13
housing,13
ballot,13
bigotry,13
trumps,13
establishment,13
move,13
doubt,13
continue,13
champion,13
beautiful,13
rest,13
san,13
2nd,13
schools,13
dnc,13
spoke,13
brought,13
china,13
growth,12
stories,12
afraid,12
historic,12
wrote,12
stands,12
unbelievable,12
speaks,12
ny,12
social,12
connecticut,12
citizen,12
homes,12
loves,12
loved,12
native,12
ourselves,12
built,12
b,12
members,12
girl,12
grow,12
0,12
human,12
met,12
force,12
whose,12
hits,12
winner,12
based,12
front,12
march,12
toward,12
exciting,12
elected,12
drop,12
clue,12
post,12
comments,12
board,12
easy,12
three,12
ties,12
fund,12
accept,12
pass,12
prepared,12
power,12
situation,12
turned,12
dollars,12
letter,12
carson,12
june,11
miami,11
unlike,11
sit,11
income,11
divisive,11
fast,11
georgia,11
became,11
hotel,11
wouldn,11
might,11
breaking,11
billionaires,11
color,11
trillion,11
groups,11
goes,11
leads,11
corrupt,11
wanted,11
path,11
buy,11
yorkers,11
calling,11
defend,11
democracy,11
account,11
oval,11
giving,11
maryland,11
fun,11
gay,11
simple,11
majority,11
walls,11
late,11
island,11
17,11
maybe,11
lied,11
afternoon,11
ban,11
mind,11
sees,11
seriously,11
signed,11
repeal,11
desperate,11
powerful,11
potus,11
facebook,11
latest,11
charlotte,11
endorses,11
television,11
challenges,11
global,11
received,11
network,11
reckless,11
expand,11
vs,11
hateful,11
waste,11
latino,11
owner,11
process,11
led,11
legal,11
fighter,11
progressive,11
tpp,11
biden,11
hasn,11
spirit,11
west,11
vision,11
knew,11
believes,11
sign,11
prevent,11
manufacturing,11
financial,11
reporter,11
insults,10
sick,10
unity,10
perhaps,10
bought,10
latinos,10
boring,10
supports,10
succeed,10
king,10
lobby,10
short,10
tower,10
changing,10
federal,10
favor,10
longer,10
core,10
breaks,10
n,10
expected,10
ceiling,10
endorse,10
wish,10
respected,10
citizenship,10
kindness,10
absolutely,10
easily,10
25,10
chris,10
helping,10
mark,10
nearly,10
13,10
question,10
reviews,10
visit,10
profits,10
dog,10
credit,10
employees,10
temperament,10
eric,10
piece,10
refugees,10
loss,10
nato,10
immigrant,10
pocahontas,10
kansas,10
committed,10
fl,10
arena,10
comes,10
article,10
husband,10
ground,10
lindsey,10
fbi,10
grateful,10
welcome,10
test,10
becoming,10
prisoners,10
attacked,10
created,10
appreciate,10
literally,10
paul,10
packed,10
society,10
allow,10
deserves,10
funny,10
golf,10
understands,10
huge,10
sense,10
investment,10
mass,10
disabilities,10
course,10
divided,10
abortion,10
angry,10
statements,10
citizens,10
union,10
planned,10
showed,10
needed,10
wasn,10
opponents,10
protesters,9
discuss,9
walk,9
combat,9
pres,9
raising,9
refused,9
anybody,9
demand,9
sold,9
unions,9
friday,9
communities,9
nbc,9
systemic,9
pundits,9
outside,9
pro,9
term,9
platform,9
islamic,9
nh,9
explain,9
criticized,9
though,9
detroit,9
paris,9
40,9
thought,9
apologize,9
willing,9
bridges,9
35,9
birther,9
putting,9
2008,9
opponent,9
8pm,9
knock,9
matters,9
century,9
beginning,9
coal,9
fall,9
starting,9
facing,9
struggling,9
killing,9
conspiracy,9
18,9
rock,9
canadian,9
international,9
weekend,9
3pm,9
arrived,9
weeks,9
third,9
immediately,9
speaker,9
quit,9
final,9
agenda,9
ryan,9
showing,9
probably,9
robert,9
coverage,9
credibility,9
greatly,9
listening,9
editorial,9
proved,9
flint,9
bankrupt,9
vegas,9
asking,9
dopey,9
mayor,9
fan,9
monday,9
count,9
loans,9
email,9
haven,9
books,9
truth,9
continues,9
comprehensive,9
loan,9
plane,9
legacy,9
ridiculous,9
amnesty,9
divides,9
push,9
inside,9
bobby,9
primaries,9
fit,9
disgrace,9
glass,9
successful,9
reports,9
brexit,9
promise,8
bosses,8
incredibly,8
30pm,8
polling,8
replace,8
daughters,8
pm,8
reasons,8
goldman,8
generation,8
rather,8
goal,8
evangelicals,8
israel,8
anniversary,8
deeply,8
program,8
thursday,8
missed,8
cbs,8
strongly,8
except,8
unqualified,8
reminder,8
trip,8
cash,8
hour,8
picture,8
fought,8
civil,8
hearts,8
savings,8
ran,8
400,8
destroyed,8
forum,8
pride,8
poorly,8
minutes,8
proposal,8
embarrassed,8
philadelphia,8
10pm,8
dad,8
themselves,8
private,8
chicago,8
often,8
spend,8
pathetic,8
insurance,8
reuters,8
response,8
dem,8
megyn,8
speeches,8
further,8
lifetime,8
accountable,8
among,8
assault,8
voices,8
cuts,8
olympic,8
commit,8
criminals,8
county,8
vast,8
6pm,8
delaware,8
utah,8
treat,8
jersey,8
quality,8
completely,8
recession,8
hiding,8
products,8
praying,8
five,8
scotland,8
supremacists,8
talked,8
issue,8
nebraska,8
losses,8
fortune,8
death,8
cares,8
hurts,8
deliver,8
maine,8
price,8
stevens,8
brave,8
turns,8
obamacare,8
inclusive,8
sachs,8
las,8
refusing,8
passion,8
government,8
audit,8
va,8
drug,8
injustice,8
perfect,8
charity,8
involved,8
send,8
thugs,8
emergency,8
deport,8
nra,8
cover,8
found,8
paper,8
stated,8
scam,8
keeping,8
baton,8
luck,8
favorite,8
turnberry,8
drive,8
opposite,8
internet,8
tear,8
bottom,8
birth,8
episode,8
senators,8
k,8
bringing,8
horrific,7
loser,7
unite,7
wild,7
ability,7
brain,7
ones,7
crash,7
light,7
anywhere,7
backs,7
vigilant,7
lower,7
strategy,7
10pme,7
corruption,7
somebody,7
debates,7
flag,7
missouri,7
oh,7
ok,7
seems,7
careful,7
500,7
pols,7
cities,7
regarding,7
falls,7
gives,7
exclusive,7
information,7
1st,7
quick,7
hawaii,7
advantage,7
landed,7
phoenix,7
nc,7
curiel,7
solutions,7
devastating,7
pensacola,7
celebrating,7
enter,7
changed,7
generals,7
liberty,7
rise,7
administration,7
dallas,7
arkansas,7
extreme,7
planet,7
openly,7
purpose,7
understand,7
declare,7
22,7
difference,7
broken,7
served,7
infrastructure,7
deportation,7
200,7
14,7
corporations,7
mail,7
q,7
died,7
parenthood,7
failure,7
dreams,7
near,7
puts,7
seem,7
struggle,7
turning,7
donors,7
stakes,7
diversity,7
admit,7
120,7
herself,7
hostile,7
becomes,7
telling,7
russian,7
step,7
banks,7
reject,7
broke,7
zuckerman,7
month,7
rolling,7
gonna,7
constitutional,7
charges,7
followers,7
embrace,7
notice,7
online,7
veteran,7
pittsburgh,7
caught,7
honest,7
domain,7
write,7
stake,7
columbus,7
hispanic,7
dr,7
forced,7
protection,7
delegate,7
incompetent,7
official,7
moments,7
rhode,7
etc,7
owned,7
puerto,7
volunteers,7
baby,7
straight,7
fire,7
sell,7
number,7
certain,7
politically,7
dirty,7
complete,7
racial,7
mccain,7
average,7
natural,7
everywhere,7
oregon,7
loving,7
positive,7
eminent,7
temperamentally,7
respond,7
rico,7
nominated,7
dummy,7
doors,7
brings,7
owe,6
guts,6
largest,6
knowing,6
sued,6
local,6
july,6
conversation,6
g,6
covered,6
choose,6
unites,6
rid,6
various,6
nights,6
prejudice,6
islam,6
glad,6
tragedy,6
ticket,6
invest,6
trash,6
rising,6
accepted,6
actions,6
relief,6
events,6
discussing,6
lobbyists,6
oklahoma,6
plus,6
figure,6
chapter,6
water,6
1237,6
setting,6
duke,6
overrated,6
teachers,6
epidemic,6
games,6
newt,6
hopefully,6
announce,6
treats,6
driving,6
ultimate,6
phone,6
settled,6
venue,6
49,6
shooting,6
j,6
happens,6
executive,6
passing,6
mention,6
ashamed,6
scandal,6
presidents,6
38,6
knight,6
helps,6
2000,6
eliminate,6
per,6
bin,6
shape,6
y,6
joining,6
bully,6
bankrupted,6
seeking,6
21,6
stood,6
dictators,6
according,6
reading,6
declared,6
eyes,6
stupid,6
disclosure,6
france,6
wealth,6
proposals,6
21st,6
dignity,6
character,6
ii,6
basic,6
hardworking,6
conduct,6
begins,6
taught,6
mean,6
reagan,6
sorry,6
gain,6
inner,6
lincoln,6
mistakes,6
earned,6
businessman,6
ben,6
stamina,6
female,6
healthcare,6
picked,6
requires,6
demagogue,6
bangladesh,6
70,6
seeing,6
grand,6
karla,6
likes,6
hired,6
experienced,6
referred,6
stopped,6
foot,6
fool,6
breitbart,6
answers,6
loose,6
podcast,6
conservative,6
benefit,6
treatment,6
touch,6
finish,6
losers,6
ed,6
january,6
non,6
heroes,6
sacrifice,6
trouble,6
roanoke,6
holding,6
jose,6
independent,6
sticker,6
launched,6
unable,6
dc,6
de,6
enjoyed,6
laden,6
rated,6
barrier,6
crimea,6
sarah,6
officially,6
places,6
commitment,6
ct,6
handle,6
rouge,6
defending,6
steel,6
earn,6
receive,6
pledge,6
challenge,6
concerned,6
sided,6
preventing,6
kelly,6
available,6
ivanka,6
sometimes,6
fights,6
marriage,6
science,6
recommit,6
returned,6
fraudulent,6
scranton,6
disrespect,6
investigation,6
entering,6
records,6
sc,6
awesome,6
ineffective,6
role,6
floor,6
offer,6
constantly,6
trusted,6
campaigning,6
haters,6
worked,6
ann,6
organization,6
mouth,6
thrilled,6
feeling,6
lawsuits,6
effective,6
reported,6
7pme,6
illinois,5
scared,5
member,5
decent,5
table,5
april,5
opening,5
generations,5
dope,5
agreed,5
chaos,5
transcript,5
80,5
bills,5
six,5
app,5
degree,5
19th,5
contributions,5
hatred,5
finder,5
rowanne,5
whom,5
due,5
creating,5
klux,5
defense,5
alicia,5
hiv,5
75,5
illegals,5
brother,5
style,5
liars,5
includes,5
announcement,5
violent,5
irrelevant,5
peaceful,5
60,5
nominating,5
george,5
devastated,5
loophole,5
flying,5
commercials,5
wireless,5
efforts,5
undocumented,5
weren,5
expense,5
approach,5
twice,5
pope,5
nominate,5
fiction,5
guarantee,5
estate,5
8th,5
detail,5
bus,5
est,5
otherwise,5
staff,5
supporter,5
eight,5
unless,5
reached,5
later,5
greater,5
lines,5
klan,5
praise,5
f,5
names,5
33,5
either,5
hates,5
gap,5
dropping,5
expensive,5
throughout,5
simply,5
point,5
fans,5
ku,5
supposed,5
gotten,5
rates,5
disastrous,5
abc,5
wsj,5
dollar,5
changemaker,5
syrian,5
deep,5
organizers,5
pat,5
offered,5
august,5
seat,5
carry,5
views,5
within,5
block,5
growing,5
bob,5
boo,5
dealing,5
marks,5
fort,5
managers,5
drudge,5
background,5
justices,5
programs,5
ceilings,5
basis,5
hundreds,5
ending,5
principle,5
points,5
medical,5
tells,5
mine,5
weakness,5
attempt,5
stiffing,5
deplorable,5
disability,5
offensive,5
diego,5
additional,5
mississippi,5
choker,5
inaccurate,5
kick,5
ours,5
hiring,5
violation,5
attending,5
focused,5
gender,5
miners,5
info,5
brussels,5
hoax,5
determination,5
empty,5
whatever,5
forgotten,5
missing,5
sacrifices,5
feels,5
quote,5
turnout,5
beyond,5
stiffed,5
desperately,5
anticipated,5
hell,5
committee,5
inspired,5
learned,5
massachusetts,5
throw,5
daytona,5
bias,5
landslide,5
blame,5
terrific,5
anger,5
appreciated,5
impossible,5
space,5
yeah,5
productive,5
liability,5
division,5
diplomacy,5
dying,5
promises,5
reproductive,5
medal,5
beating,5
spread,5
vermont,5
hand,5
mistake,5
east,5
concerning,5
yours,5
cameras,5
bank,5
opportunities,5
secure,5
richest,5
above,5
rep,5
compete,5
details,5
candidacy,5
gained,5
steadiness,5
stuff,5
secretaries,5
hypocrite,5
roberts,5
megan,5
shut,5
holds,5
houston,5
scammed,5
opinion,5
casino,5
stuart,5
religion,5
location,5
worthless,5
church,5
wayne,5
impact,5
condolences,5
guess,5
director,5
belief,5
reduce,5
scott,5
refuse,5
labor,5
tx,5
caused,5
tricks,5
abolish,5
forgot,5
noon,5
combined,5
caring,5
worried,5
quits,5
decades,5
st,5
behalf,5
fake,5
brilliant,5
falling,5
roll,5
proves,5
innocent,5
memorial,5
worker,5
eastern,5
pregnancy,5
fail,5
result,5
yourself,5
example,5
hero,5
thunder,5
elections,5
tired,5
eligible,5
sweat,4
universe,4
taxpayers,4
half,4
difficult,4
painted,4
closer,4
pleased,4
priority,4
4th,4
crashed,4
disclose,4
practice,4
reilly,4
honestly,4
abuse,4
attend,4
privatize,4
patrol,4
apply,4
ukraine,4
networks,4
filed,4
impressed,4
mommy,4
innovation,4
jacksonville,4
incomes,4
recently,4
publicity,4
measures,4
added,4
chairman,4
outstanding,4
passed,4
blank,4
fallen,4
bigger,4
milestone,4
resort,4
pray,4
september,4
began,4
definition,4
christian,4
sum,4
sue,4
acting,4
verizon,4
determine,4
stops,4
donations,4
granted,4
period,4
reaction,4
hedge,4
reno,4
europe,4
charleston,4
swing,4
worship,4
fourth,4
msm,4
tarmac,4
level,4
ginsburg,4
focus,4
coach,4
heal,4
dinner,4
deleted,4
proudly,4
experts,4
brewer,4
catch,4
faces,4
faced,4
earth,4
alabama,4
murder,4
hearing,4
onto,4
chuck,4
md,4
tn,4
blue,4
hikes,4
45,4
1988,4
introduced,4
actual,4
welcoming,4
volunteer,4
finished,4
madam,4
knowledge,4
payment,4
phyllis,4
alton,4
visited,4
benghazi,4
puppet,4
announces,4
addiction,4
fringe,4
industry,4
debbie,4
named,4
31,4
32,4
prevail,4
tenants,4
magnificent,4
prevention,4
task,4
solid,4
evangelical,4
resolve,4
nervous,4
backed,4
tiffany,4
positions,4
viewers,4
tweeting,4
advice,4
armed,4
pathological,4
tribute,4
saudi,4
syracuse,4
colleges,4
field,4
critical,4
confirm,4
laughing,4
audience,4
oil,4
sound,4
tour,4
enthusiasm,4
rating,4
track,4
performance,4
speakers,4
19,4
kkk,4
main,4
mad,4
sunday,4
nyt,4
claim,4
soul,4
quoting,4
effort,4
aidan,4
boy,4
filled,4
round,4
schlafly,4
skin,4
manager,4
overdue,4
daily,4
form,4
magazine,4
normal,4
dear,4
bloomberg,4
shame,4
murders,4
bay,4
surprise,4
aids,4
therapy,4
vicious,4
army,4
moral,4
skills,4
captain,4
glenn,4
choked,4
clown,4
necessary,4
mcconnell,4
simone,4
officials,4
125,4
connected,4
pella,4
bet,4
anaheim,4
advisor,4
indivisible,4
flunky,4
jump,4
barbara,4
department,4
chelsea,4
fdr,4
properly,4
abroad,4
describing,4
delivered,4
parade,4
cheryl,4
retirement,4
conflict,4
belong,4
funded,4
liked,4
paranoia,4
wasserman,4
storm,4
syria,4
todd,4
bless,4
pushed,4
offended,4
coalition,4
burlington,4
toughness,4
advertising,4
amount,4
apologized,4
instagram,4
pledged,4
overseas,4
controlled,4
moved,4
snapchat,4
journey,4
central,4
senseless,4
return,4
wealthiest,4
language,4
talented,4
bigoted,4
cannon,4
professional,4
offering,4
optimism,4
mostly,4
fraction,4
silent,4
obligation,4
opened,4
trans,4
prove,4
market,4
shared,4
uniform,4
superpower,4
brothers,4
interested,4
daca,4
promised,4
legislation,4
pays,4
newspapers,4
capt,4
confirmed,4
cont,4
cox,4
electing,4
waiting,4
mitch,4
checks,4
hrc,4
notion,4
germany,4
scenes,4
oppose,4
shameful,4
hispanics,4
affected,4
versus,4
denver,4
christie,4
beach,4
theories,4
cheats,4
kudos,4
compassion,4
flynn,4
pressure,4
february,4
increased,4
scotus,4
atlanta,4
co,4
lawsuit,4
blown,4
chosen,4
thin,4
richmond,4
tearing,4
existing,4
hello,4
land,4
codes,4
diverse,4
certificate,4
agreement,4
rules,4
admire,4
budget,4
hitting,4
acceptance,4
agents,4
sen,4
kill,4
preparing,4
writer,4
attacking,4
owners,4
begged,4
bowl,4
condemn,4
knocked,4
resources,4
mort,4
prior,4
brutal,4
palin,4
hillaryclinton,4
large,4
joined,4
2004,4
az,4
al,4
exhausted,4
detailed,4
rush,4
pull,4
parties,4
darn,4
costs,4
renewable,4
newspaper,4
photos,4
defeating,4
sat,4
spoken,4
saving,4
training,4
stupidity,4
introducing,4
red,4
current,4
cincinnati,4
98,4
steady,4
liberal,4
disqualified,4
enemies,4
sleepy,4
misrepresents,4
played,4
flooding,4
pre,4
lots,4
advisors,4
departing,4
responsible,4
project,4
ri,4
series,4
represents,4
absolute,4
99,4
cheating,4
unify,4
extort,3
illegally,3
fawning,3
registration,3
carried,3
helpful,3
abandoned,3
overturn,3
math,3
joy,3
11am,3
married,3
harmful,3
catholic,3
linked,3
frontrunner,3
respects,3
87,3
elie,3
puppets,3
brian,3
struggles,3
stream,3
larger,3
cozy,3
universities,3
traveling,3
wishes,3
mainstream,3
include,3
issued,3
buffalo,3
narrative,3
allowing,3
meaning,3
janelle,3
backbone,3
peace,3
independents,3
confront,3
advocate,3
retired,3
limbaugh,3
contractors,3
moving,3
rio,3
opposition,3
korea,3
numerous,3
threats,3
wichita,3
72,3
donor,3
strengthen,3
outrageous,3
double,3
recovered,3
revolution,3
4pm,3
inequality,3
disabled,3
mission,3
reflect,3
flat,3
suddenly,3
sons,3
pts,3
alt,3
booker,3
odds,3
championship,3
spends,3
britain,3
sleazy,3
promote,3
op,3
quitting,3
blow,3
reward,3
model,3
driven,3
applaud,3
myself,3
minister,3
turkey,3
67,3
62,3
resentment,3
duty,3
deported,3
libya,3
fails,3
conversion,3
rent,3
cards,3
copy,3
childhood,3
view,3
moms,3
wallace,3
midnight,3
joins,3
heartbreaking,3
cuba,3
bigot,3
counting,3
morty,3
shootings,3
guilty,3
healthy,3
constitution,3
obsolete,3
cool,3
neighbors,3
nj,3
intolerance,3
anderson,3
donated,3
ppl,3
ensure,3
officer,3
53,3
55,3
proposed,3
shortly,3
commonsense,3
bible,3
quickly,3
birtherism,3
boss,3
360,3
bait,3
tom,3
rand,3
presumptive,3
laid,3
akron,3
sitting,3
excellent,3
mentor,3
beck,3
kicked,3
beaten,3
shining,3
sleep,3
47,3
deaths,3
preyed,3
wise,3
proper,3
alive,3
soft,3
mathematically,3
lake,3
discredited,3
bullying,3
injured,3
arabia,3
appearance,3
plain,3
multi,3
define,3
comment,3
retweets,3
empathy,3
fixed,3
charles,3
absurd,3
havn,3
environmental,3
sexual,3
wade,3
airports,3
la,3
negotiated,3
bunch,3
endorsements,3
obvious,3
train,3
34,3
talent,3
safer,3
sink,3
depression,3
jason,3
denying,3
lesson,3
remembrance,3
hostages,3
examples,3
excited,3
letting,3
doral,3
koch,3
praising,3
itself,3
birthright,3
tennessee,3
annual,3
toledo,3
therefore,3
fine,3
headlines,3
charitable,3
dayton,3
cadillac,3
contrary,3
5th,3
heights,3
coulter,3
trickle,3
portland,3
sterling,3
2m,3
pregnant,3
pad,3
24,3
hfa,3
responsibility,3
awkward,3
abandon,3
remain,3
des,3
particular,3
tweets,3
mourning,3
misrepresent,3
mothers,3
enjoying,3
founder,3
rapids,3
emissions,3
resign,3
disqualifying,3
substantive,3
incarceration,3
pac,3
ferns,3
cancelled,3
promising,3
stacked,3
wake,3
parent,3
audited,3
unethical,3
ramadan,3
clintons,3
answering,3
gotta,3
1m,3
jackson,3
killer,3
msnbc,3
argued,3
tall,3
nyc,3
council,3
agent,3
sharing,3
box,3
troops,3
die,3
suffered,3
praised,3
suicide,3
temper,3
landing,3
bold,3
locator,3
800,3
claims,3
kid,3
ia,3
seven,3
tank,3
prosperous,3
springs,3
unleashed,3
judges,3
7am,3
seek,3
wiesel,3
girls,3
grade,3
victories,3
cred,3
recieved,3
root,3
wars,3
robertson,3
recommend,3
calm,3
likely,3
9pm,3
reforms,3
teaching,3
protest,3
backstage,3
universal,3
urging,3
hosting,3
capable,3
lgbtq,3
journal,3
reaching,3
page,3
skill,3
sources,3
destruction,3
owns,3
league,3
disproportionately,3
key,3
horribly,3
contain,3
partners,3
anyway,3
consequences,3
montana,3
providing,3
bed,3
management,3
cause,3
sandy,3
mentioned,3
fare,3
neurotic,3
links,3
ride,3
appointed,3
reflects,3
remains,3
danger,3
plays,3
honors,3
button,3
ignorant,3
nat,3
viciously,3
greenblatt,3
claimed,3
appalachia,3
outright,3
ballots,3
obviously,3
albany,3
fairer,3
minorities,3
loopholes,3
approved,3
vulnerable,3
philly,3
contraception,3
cheering,3
predators,3
fully,3
solving,3
fined,3
criticize,3
rapists,3
schultz,3
idaho,3
terribly,3
boycott,3
investing,3
conscience,3
value,3
decide,3
referring,3
podium,3
moves,3
600,3
beliefs,3
circulation,3
friendship,3
deficit,3
momentum,3
struck,3
belittle,3
food,3
eid,3
suspected,3
informed,3
tackling,3
michelle,3
tries,3
chose,3
rebuilding,3
en,3
nov,3
wealthy,3
introduce,3
ethic,3
cold,3
serving,3
typical,3
morell,3
lifting,3
southern,3
incidents,3
hardest,3
disavow,3
appeal,3
regret,3
disqualify,3
battle,3
evidence,3
wasting,3
theirs,3
philando,3
victim,3
43,3
priebus,3
everett,3
jerry,3
gratitude,3
con,3
brag,3
00pm,3
wi,3
terms,3
depends,3
runs,3
dt,3
screening,3
luxury,3
magnet,3
daunting,3
organize,3
campaigns,3
crimes,3
l,3
lifelong,3
highlights,3
defrauded,3
provide,3
transparency,3
insult,3
study,3
7th,3
pragmatic,3
triumph,3
messenger,3
saved,3
deadly,3
compared,3
unwatchable,3
convince,3
yrs,3
roads,3
letters,3
schedule,3
avoid,3
cedar,3
crack,3
drawing,3
vt,3
ca,3
ends,3
insulting,3
destiny,3
listened,3
decade,3
rough,3
manchester,3
painting,3
worldwide,3
muhammad,3
scary,3
2012,3
2015,3
produced,3
counted,3
tied,3
destroying,3
bend,3
rick,3
confidence,3
dumbest,3
panicked,3
consistently,3
hyde,3
fewer,3
continued,3
nieto,3
code,3
defined,3
uk,3
ur,3
posted,3
exposed,3
katie,3
osama,3
malarkey,3
surprised,3
crying,3
lady,3
concrete,3
recent,3
necessity,3
levels,3
virtually,3
choking,3
backing,3
handling,3
insiders,3
approve,3
incident,3
targeted,3
currently,3
enemy,3
reporters,3
remembers,3
relationship,3
rooted,3
deeds,3
rapidly,3
roots,3
cable,3
moines,3
trillions,3
fairness,3
consider,3
adam,3
gifts,3
disgraceful,3
hey,3
fundraising,3
erica,3
tears,3
bright,3
walking,3
salt,3
knowingly,3
dreamer,3
note,3
addressing,3
connections,3
williams,3
citi,3
ripping,3
quite,3
honduras,3
unacceptable,3
opposed,3
accomplished,3
understanding,3
settle,3
exact,3
vet,3
150,3
panels,3
undermining,3
attorney,3
corporate,3
qualifications,3
fairly,3
split,3
hated,3
nationwide,3
blew,3
piggy,3
theme,3
headline,3
bethpage,3
meetings,3
bomb,3
camp,3
professor,3
nations,3
madison,3
strategist,3
wing,3
keeps,3
complaining,3
organizer,3
divide,3
alienates,2
kinds,2
demonize,2
ruling,2
distract,2
tactics,2
funds,2
uniting,2
greensboro,2
column,2
14th,2
scares,2
empire,2
112,2
114,2
smoothly,2
loses,2
coincidence,2
earthquakes,2
adoption,2
hamilton,2
courant,2
collar,2
cross,2
stunning,2
choices,2
pageants,2
responds,2
forms,2
subscribe,2
disenfranchised,2
closed,2
mexicans,2
genius,2
closet,2
closes,2
unfairly,2
mechanicsburg,2
gouging,2
dorothy,2
playbook,2
planning,2
goals,2
looked,2
deny,2
clemson,2
discriminating,2
misinformed,2
overtime,2
ltg,2
category,2
zogby,2
campaigned,2
rsvp,2
bye,2
superior,2
stamped,2
wwii,2
taco,2
perjury,2
proof,2
depicted,2
apple,2
suggests,2
spoon,2
suffers,2
mock,2
employment,2
tone,2
lemon,2
repeatedly,2
tumble,2
pundit,2
resilience,2
entrepreneurs,2
pipeline,2
anne,2
essential,2
yorker,2
shaped,2
complains,2
prince,2
analysis,2
rig,2
rip,2
behavior,2
woke,2
pe,2
sweep,2
prescription,2
attention,2
determined,2
spirited,2
achieved,2
relentless,2
activity,2
fastest,2
whistle,2
betray,2
sandra,2
enduring,2
74,2
reach,2
electric,2
finding,2
rochester,2
lewandowski,2
cleaner,2
unrelenting,2
rails,2
interviews,2
bland,2
throws,2
circuit,2
benjamin,2
hill,2
weight,2
intolerable,2
milwaukee,2
scientist,2
outraged,2
airplane,2
methodist,2
markets,2
sticking,2
allows,2
bombshell,2
certainly,2
eligibility,2
devoted,2
ten,2
treating,2
awful,2
catastrophe,2
lack,2
ali,2
chinese,2
curve,2
included,2
circuited,2
vicente,2
gary,2
communication,2
slaughter,2
pacific,2
kennedy,2
blog,2
unconstitutional,2
disloyal,2
nm,2
drives,2
reminded,2
disrespectful,2
floridians,2
pilot,2
champions,2
foreclosed,2
andrew,2
direction,2
hardly,2
featuring,2
66,2
pow,2
pakistan,2
quiet,2
arrival,2
commitments,2
farmers,2
encouraged,2
predicted,2
begging,2
believing,2
spaces,2
considered,2
heinous,2
donation,2
multiple,2
strengths,2
sending,2
poisoning,2
require,2
unfortunately,2
population,2
releases,2
bushy,2
lago,2
castile,2
theory,2
attended,2
factory,2
catching,2
indianapolis,2
ppp,2
realistic,2
debating,2
blocked,2
vital,2
dropped,2
prey,2
colin,2
promoting,2
vietnam,2
unbalanced,2
nv,2
kristol,2
bargain,2
admiration,2
heap,2
differences,2
questionable,2
purposely,2
entrepreneur,2
sept,2
misleading,2
cory,2
ice,2
cooper,2
51,2
gift,2
59,2
casting,2
5g,2
5k,2
unemployment,2
dads,2
cycle,2
deflect,2
unbearable,2
suggest,2
stopping,2
search,2
drugs,2
belongs,2
participating,2
improve,2
ailes,2
disturbing,2
habit,2
situations,2
colors,2
inspire,2
plenty,2
laughed,2
thoroughly,2
bridge,2
classes,2
roles,2
tool,2
rant,2
restrict,2
tolerant,2
priorities,2
newly,2
banning,2
signing,2
shadows,2
counterterrorism,2
demanding,2
carmel,2
ms,2
mt,2
mi,2
breathe,2
preview,2
asset,2
hospital,2
humility,2
consistent,2
umass,2
41,2
44,2
46,2
identities,2
measure,2
covers,2
reminds,2
brand,2
1984,2
tackle,2
smarts,2
flake,2
boards,2
panel,2
worthy,2
marched,2
onward,2
usual,2
position,2
13m,2
material,2
workplaces,2
nd,2
imagination,2
holiday,2
fellow,2
swimmer,2
relevant,2
freely,2
2pm,2
antics,2
routine,2
ralph,2
untrue,2
timing,2
exceptional,2
sparks,2
rebuke,2
clive,2
enthusiastic,2
sally,2
rove,2
provoked,2
parks,2
mic,2
sadly,2
owning,2
reaches,2
finest,2
quo,2
frank,2
rev,2
10pe,2
cutting,2
lt,2
industries,2
furious,2
lame,2
pensilvania,2
imwithher,2
closing,2
blah,2
beloved,2
36,2
37,2
39,2
carly,2
ceasefire,2
min,2
golfer,2
arpaio,2
2001,2
2002,2
explaining,2
excuses,2
boys,2
hoped,2
bankruptcy,2
restrictive,2
continuing,2
mirror,2
google,2
biz,2
easter,2
shouting,2
profoundly,2
snow,2
entry,2
flags,2
copying,2
discourse,2
italy,2
tolerate,2
slips,2
ireland,2
rivals,2
hannity,2
baltimore,2
barrack,2
burned,2
visiting,2
expert,2
silk,2
express,2
freedoms,2
dividing,2
giant,2
ky,2
services,2
significant,2
commentary,2
bullies,2
extraordinary,2
smegielski,2
projected,2
perry,2
connect,2
2a,2
encouraging,2
hurting,2
27,2
26,2
setback,2
par,2
sacred,2
acts,2
fiorina,2
compare,2
strain,2
diamond,2
comparing,2
mentions,2
airport,2
perspective,2
scout,2
returning,2
shattered,2
assets,2
astronaut,2
file,2
humiliated,2
leaked,2
pitting,2
blessed,2
decimated,2
road,2
pockets,2
organizing,2
dole,2
passionate,2
repubs,2
christine,2
disappointed,2
grid,2
pile,2
gates,2
jeffrey,2
pal,2
everyday,2
dangerously,2
investigating,2
unreported,2
dramatic,2
mary,2
marc,2
cancer,2
jo,2
jr,2
registering,2
median,2
gen,2
gee,2
hostage,2
awareness,2
mubarak,2
channel,2
canton,2
shocked,2
protected,2
hartford,2
sounds,2
fleeing,2
waited,2
keith,2
inaction,2
conventions,2
nashua,2
truthful,2
touching,2
shatter,2
undermines,2
texan,2
wishing,2
shoes,2
jail,2
35pme,2
mocks,2
max,2
mar,2
sworn,2
pure,2
pink,2
sample,2
confused,2
arrive,2
wallet,2
pageant,2
insider,2
hotels,2
institute,2
adds,2
majors,2
mn,2
bikers,2
dig,2
1995,2
depend,2
dwyane,2
revoke,2
apology,2
fell,2
savage,2
discriminate,2
sale,2
8pme,2
seneca,2
25th,2
approval,2
chooses,2
nerve,2
highway,2
popular,2
repudiate,2
notorious,2
shoulder,2
investments,2
changer,2
inherit,2
jealous,2
sidelines,2
defeated,2
pessimistic,2
anchor,2
ugly,2
transformation,2
personally,2
ailsa,2
website,2
targeting,2
initiative,2
peddling,2
uncertainty,2
suggested,2
motto,2
harvard,2
ignorance,2
sorts,2
olympics,2
02,2
bar,2
coast,2
weekends,2
selected,2
dow,2
maria,2
fitting,2
modern,2
spoiler,2
somewhat,2
digs,2
hook,2
loud,2
starts,2
guiding,2
crucial,2
principled,2
baiting,2
pianos,2
warm,2
expose,2
type,2
grandkids,2
golds,2
ignoring,2
economics,2
drew,2
net,2
integrity,2
prisons,2
neo,2
courageous,2
stolen,2
updated,2
asian,2
beats,2
projecting,2
cruel,2
overflow,2
agrees,2
hq,2
museum,2
accused,2
unseen,2
241st,2
munich,2
crushed,2
fate,2
headed,2
restore,2
energized,2
wreck,2
inaccurately,2
netanyahu,2
releasing,2
quiz,2
cynicism,2
betrayed,2
torn,2
limits,2
wapo,2
sabotage,2
tend,2
nightmare,2
pitch,2
buyer,2
126,2
achieve,2
inherited,2
dreamers,2
sheriff,2
upset,2
jeffress,2
paved,2
perfectly,2
austin,2
activist,2
700,2
crossing,2
auto,2
ronald,2
pulling,2
beijing,2
camera,2
classrooms,2
addresses,2
following,2
commercial,2
stance,2
volatile,2
download,2
carter,2
enforce,2
barbaro,2
mosque,2
wizard,2
outperforming,2
tweeted,2
william,2
pretended,2
draw,2
fears,2
amounts,2
cotton,2
adults,2
reed,2
78,2
computer,2
statistics,2
silence,2
stonewall,2
johnstown,2
eating,2
inconvenience,2
forgets,2
translated,2
remaining,2
nikki,2
settlements,2
ambassador,2
clears,2
uses,2
pack,2
anthony,2
lived,2
threaten,2
damn,2
stamp,2
jeff,2
unstoppable,2
conditions,2
pictures,2
lifetimes,2
famous,2
pocketed,2
celebrities,2
hires,2
machado,2
alongside,2
finances,2
selling,2
scheme,2
hangs,2
expecting,2
blames,2
heroin,2
earns,2
trusts,2
douglas,2
wacko,2
wacky,2
haley,2
ceo,2
founders,2
dummies,2
rudy,2
sneak,2
phrase,2
pushes,2
producing,2
lowering,2
answered,2
rory,2
streets,2
mile,2
horror,2
pledges,2
carpet,2
religious,2
hire,2
lou,2
stark,2
underway,2
rodham,2
twelve,2
execution,2
sheldon,2
speed,2
charged,2
tradition,2
develop,2
worry,2
ship,2
canceled,2
trick,2
textbook,2
malala,2
rebuild,2
epipens,2
exploit,2
madness,2
concern,2
baghdad,2
hoosier,2
rambling,2
filing,2
forever,2
roxie,2
begin,2
berglund,2
slam,2
remained,2
portsmouth,2
optimist,2
youngstown,2
professionals,2
eliminated,2
checked,2
directly,2
shortchange,2
receiving,2
shown,2
servant,2
formerly,2
consulting,2
whenever,2
islands,2
produce,2
shooter,2
discussion,2
fortunately,2
hears,2
slogan,2
graphic,2
regardless,2
patriotic,2
buck,2
teacher,2
5pm,2
shares,2
appear,2
responders,2
blast,2
honoring,2
supposedly,2
reception,2
cheater,2
loyal,2
physical,2
vatican,2
plymouth,2
maximum,2
reset,2
accepts,2
graduates,2
pose,2
marketing,2
purple,2
congratulate,2
shout,2
photo,2
humbly,2
thr,2
1973,2
humble,2
1976,2
kept,2
saddam,2
sailors,2
trashing,2
aid,2
publicly,2
ill,2
personality,2
greenville,2
bimbo,2
proverb,2
forces,2
subjects,2
rebroadcast,2
evansville,2
wasted,2
happily,2
grandchildren,2
refugee,2
standard,2
humayun,2
sacramento,2
hosted,2
classified,2
repulsive,2
bombing,2
innovative,2
nuts,2
recovery,2
indifferent,2
550,2
india,2
criticizing,2
1992,2
blocking,2
striving,2
aware,2
ploy,2
palestinian,2
usps,2
begrudge,2
shoot,2
relationships,2
oldest,2
searched,2
rule,2
lately,2
jesse,2
contribute,2
nurses,2
monument,2
sybrina,2
delivers,2
construction,2
restricts,2
1951,2
charities,2
asks,2
sister,2
stairway,2
choosing,2
gymnastics,2
footage,2
generous,2
web,2
rooms,2
drink,2
ball,2
incorrect,2
juan,2
denial,2
sits,2
trajectory,2
outsider,2
tantrum,2
absentee,2
wilmington,2
insight,2
sylvia,2
tape,2
wounded,2
documents,2
clearly,2
partnership,2
gays,2
colleagues,2
stars,2
painful,2
festival,2
lol,2
scene,2
scare,2
hussein,2
wikileakes,2
accounts,2
realize,2
legendary,2
element,2
counter,2
solidarity,2
gonzalo,2
pour,2
carrying,2
comparison,2
zip,2
consideration,2
delivering,2
gathered,2
firms,2
expressed,2
eve,2
torture,2
age,2
actors,2
uranium,2
likewise,2
un,2
pastor,2
opens,2
suit,2
sight,2
formal,2
projects,2
couple,2
picks,2
owes,2
owed,2
representative,2
races,2
firm,2
rosa,2
hint,2
negotiator,2
sea,2
sec,2
sex,2
activists,2
insane,2
dustin,2
banned,2
equity,2
writes,2
repub,2
brooklyn,2
defends,2
grace,2
endlessly,2
introduction,2
heads,2
salute,2
bubba,2
trump2016,2
research,2
blacks,2
defund,2
advertisers,2
status,2
execs,2
tulsa,2
tested,2
240,2
method,2
nurse,2
harry,2
laying,2
smile,2
th,2
causes,2
instincts,2
terre,2
ar,2
cnbc,2
helicopter,2
punished,2
redding,2
disparaging,2
substance,2
scamming,2
bankruptcies,2
pol,2
dark,2
prominently,2
summed,2
effects,2
homophobia,2
threatens,2
fame,2
telepromter,2
engaged,2
formed,2
bernardino,2
stretch,2
virginians,2
semitic,2
workplace,2
undermine,2
affecting,2
sites,2
surgery,2
worries,2
borrow,2
prime,2
outrage,2
outsourcing,2
phil,2
pages,2
allen,2
illness,2
cower,2
cite,2
spanish,2
rumsfeld,2
grandma,2
unifying,2
lowlife,2
arriving,2
aliens,2
jim,2
haute,2
sd,2
bluster,2
data,2
listens,2
stole,2
believed,2
virtue,2
opposes,2
wherever,2
funeral,2
minute,2
doers,2
intend,2
flood,2
tournament,2
humbled,2
talents,2
joseph,2
raises,2
marshall,2
despair,2
memorable,2
contributing,2
res,2
creed,2
battlefield,2
steps,2
unique,2
hat,2
prison,2
myanmar,2
opinions,2
babies,2
ridiculously,2
remembering,2
employ,2
doubts,2
pandering,2
25k,2
102,2
irresponsible,2
demanded,2
extent,2
preserve,2
irs,2
clarified,2
altogether,2
pocket,2
touched,2
busy,2
participate,2
scream,2
shall,2
causing,2
scarborough,2
wisdom,2
geneva,2
rewards,2
wash,2
rs,2
silver,2
rewarded,2
scalia,2
feedback,2
sioux,2
extortion,2
machine,2
damage,2
hole,2
hers,2
resilient,2
prize,2
lord,2
railing,2
wilma,1
intentionally,1
sass,1
concur,1
margaret,1
risked,1
betrays,1
hysteria,1
donohue,1
methodists,1
percent,1
deporting,1
meaningless,1
unfolding,1
broadly,1
cake,1
ruline,1
rickets,1
below,1
mgr,1
volume,1
cowers,1
significantly,1
weather,1
fundraiser,1
carrier,1
perks,1
dependency,1
urged,1
linger,1
asinine,1
handedly,1
11m,1
ripped,1
mines,1
lean,1
breakthroughs,1
119,1
elko,1
racists,1
cpac,1
kellogg,1
sky,1
rapid,1
biologist,1
rocked,1
recap,1
heavily,1
cried,1
excessive,1
english,1
spectator,1
warming,1
disagree,1
slave,1
incl,1
privileges,1
loyalists,1
whore,1
thus,1
barely,1
supply,1
depreciation,1
fearful,1
ensuring,1
tap,1
mika,1
739,1
737,1
withdrawn,1
unclear,1
tactical,1
lifeboat,1
ames,1
takeover,1
multifaceted,1
724,1
dlg,1
rosie,1
oligarchs,1
truer,1
protesting,1
chips,1
cubs,1
massacre,1
plaintiff,1
indignant,1
q2,1
litigation,1
chapters,1
leppert,1
refreshing,1
cracking,1
jacobson,1
russians,1
mogul,1
laughingstock,1
rania,1
patients,1
richer,1
regards,1
reversed,1
unknown,1
publication,1
hence,1
segregated,1
conflicts,1
enfranchise,1
integrated,1
brilliantly,1
honorable,1
waterloo,1
disarray,1
clinching,1
84,1
89,1
related,1
cry,1
unpredictable,1
nfl,1
profound,1
admonished,1
worlds,1
successor,1
spikes,1
flew,1
indexing,1
richness,1
rat,1
glen,1
139,1
giveaways,1
tenure,1
faucets,1
panic,1
fortunate,1
siu,1
7yr,1
dws,1
taj,1
madame,1
enrique,1
tag,1
topic,1
factor,1
journalists,1
sort,1
expanding,1
chobani,1
corrupted,1
boasts,1
duck,1
confession,1
payoffs,1
survivor,1
astrid,1
nazis,1
capital,1
checkers,1
acing,1
acid,1
fold,1
wrestling,1
goodies,1
someday,1
dealt,1
underscores,1
incoherent,1
readout,1
confirmation,1
rag,1
fencer,1
breach,1
stable,1
prepackaged,1
maniac,1
disposal,1
uphold,1
simon,1
theorist,1
016,1
leah,1
rehear,1
departments,1
happier,1
towers,1
evils,1
undertones,1
z,1
highlight,1
demeanor,1
patriot,1
junior,1
980,1
etch,1
upheld,1
vendors,1
lone,1
credible,1
wanna,1
complimentary,1
range,1
virus,1
plaza,1
housekeeping,1
russell,1
von,1
cannons,1
percentile,1
palmer,1
prob,1
prom,1
meds,1
pros,1
selfishness,1
streaming,1
uproar,1
ignore,1
marian,1
customers,1
freefall,1
vetoing,1
contractor,1
rudolph,1
advisers,1
northern,1
repealing,1
competitive,1
polled,1
abilities,1
dared,1
uddin,1
usually,1
negotiate,1
advise,1
behar,1
lengthy,1
welding,1
bailouts,1
advocating,1
plants,1
cincy,1
reduction,1
pt,1
decline,1
pr,1
slots,1
rave,1
village,1
ranchers,1
finds,1
baseball,1
8am,1
blazed,1
competent,1
initially,1
cancelling,1
viewership,1
primarias,1
arm,1
arg,1
intelligence,1
art,1
wheeling,1
heaping,1
timeless,1
canuck,1
mahal,1
hid,1
penalty,1
shld,1
securing,1
costing,1
memorandum,1
notch,1
krauthammer,1
windows,1
dealers,1
79,1
measured,1
73,1
react,1
exec,1
ipsos,1
contractual,1
griest,1
gall,1
alike,1
7a,1
liabilities,1
risky,1
thetrump,1
insulted,1
risks,1
architect,1
exploded,1
pipelines,1
photographing,1
180,1
script,1
defects,1
traveled,1
thrown,1
leverage,1
generate,1
teach,1
cookie,1
forgive,1
driffin,1
wondered,1
alcohol,1
oppresses,1
expect,1
12th,1
instructions,1
speechless,1
disagrees,1
strange,1
assaulting,1
cokie,1
airing,1
essence,1
susan,1
emergencies,1
proclaimed,1
softball,1
unsurprising,1
acknowledging,1
goat,1
explains,1
occasionally,1
desperation,1
protects,1
impossibility,1
brown,1
embarrassing,1
needing,1
unfairness,1
ineffectual,1
policemen,1
basically,1
widens,1
forcefully,1
1900,1
1908,1
semites,1
distrbution,1
19pts,1
dismiss,1
1848,1
retraining,1
unprofessional,1
attitudes,1
version,1
booing,1
crush,1
design,1
invention,1
tee,1
tea,1
tel,1
phoneix,1
lesbians,1
undone,1
cascading,1
prolonged,1
roe,1
fat,1
presentation,1
lawmakers,1
switched,1
farmington,1
aly,1
earners,1
ladders,1
seals,1
wifi,1
stocks,1
symbol,1
rubber,1
idiot,1
stumbled,1
resonating,1
mormons,1
username,1
summitt,1
fabricate,1
sleaze,1
applying,1
ended,1
cabinet,1
regard,1
christianity,1
strictly,1
garner,1
tribe,1
discusses,1
hindu,1
medicare,1
reinforcing,1
denigrates,1
ol,1
stereotypes,1
immigrate,1
provider,1
provides,1
mook,1
freer,1
renounce,1
caribbean,1
braddock,1
loaned,1
kills,1
kingdom,1
feminism,1
disrupt,1
association,1
falsely,1
rose,1
dauntless,1
walding,1
captured,1
polish,1
harrison,1
cease,1
risking,1
guided,1
tip,1
ranch,1
weakened,1
renters,1
longing,1
driver,1
refusal,1
blatantly,1
buys,1
author,1
cast,1
arnold,1
50k,1
libelous,1
harkening,1
mocking,1
tiger,1
confessions,1
howard,1
skeletons,1
bizarre,1
69,1
65,1
63,1
61,1
columnist,1
contract,1
hermanas,1
stupidest,1
comm,1
fearless,1
parking,1
1920,1
ignored,1
clowns,1
floods,1
distortion,1
counsel,1
53rd,1
retrumplican,1
explicitly,1
hack,1
ceder,1
recipe,1
feminist,1
cheat,1
vetted,1
senior,1
trafficking,1
koran,1
hungry,1
misfire,1
secy,1
precluded,1
probed,1
unpresidential,1
prosperity,1
superman,1
oath,1
mcbride,1
diplomatic,1
holder,1
shirley,1
cheerleading,1
backpedal,1
screwing,1
season,1
circa,1
stuck,1
district,1
airbus,1
continent,1
soaring,1
suspend,1
origin,1
1001,1
yup,1
holocaust,1
eagle,1
hacked,1
factors,1
100k,1
obsession,1
farewell,1
balanced,1
thuggish,1
possibilities,1
endeavored,1
cowering,1
warranted,1
qualifies,1
civic,1
courthouse,1
demeans,1
dickerson,1
motions,1
embezzlement,1
spinnnn,1
representation,1
couric,1
classroom,1
unbelievably,1
apprenticeship,1
tipped,1
granddaughter,1
etched,1
meager,1
unarmed,1
roundtable,1
jude,1
dismal,1
sessions,1
kerry,1
msg,1
memory,1
sports,1
handled,1
bribery,1
halperin,1
rededicate,1
resonance,1
exams,1
jeanine,1
outspending,1
constructive,1
peed,1
witch,1
pioneered,1
slackers,1
retroviral,1
jilted,1
bongino,1
deluded,1
journalistic,1
trend,1
tougher,1
yale,1
standards,1
liveblog,1
posts,1
philippines,1
li,1
fleece,1
bluffs,1
henderson,1
sing,1
chances,1
1944,1
meryl,1
row,1
remarkable,1
backward,1
intimacy,1
maureen,1
football,1
preceding,1
papers,1
faithful,1
believable,1
fury,1
nerds,1
adore,1
waterboarding,1
muster,1
removed,1
heat,1
cellphone,1
virgin,1
trafficked,1
usss,1
presence,1
plunging,1
choke,1
discount,1
espionage,1
christmas,1
totals,1
establish,1
embodied,1
intellect,1
escape,1
jennifer,1
successfully,1
hunt,1
matchup,1
offices,1
unsuspecting,1
52,1
56,1
54,1
58,1
vetting,1
gunned,1
quicksand,1
advanced,1
5m,1
trashes,1
johnkasich,1
grades,1
proposes,1
departed,1
1million,1
jean,1
incapable,1
ocean,1
vilified,1
tyson,1
positivey,1
greeted,1
several,1
complex,1
latinas,1
wound,1
ugliest,1
dept,1
waterbury,1
anchors,1
beer,1
karen,1
lenses,1
hypocrites,1
however,1
adding,1
365,1
finger,1
grandmother,1
capacity,1
150m,1
robby,1
submitted,1
saddle,1
malicious,1
cozies,1
collusion,1
shutting,1
criticizes,1
borrowed,1
lodge,1
546,1
unsung,1
minnesota,1
spite,1
bail,1
radio,1
talkers,1
queen,1
entertaining,1
reflecting,1
gravitas,1
flow,1
rogers,1
passover,1
enablers,1
visionary,1
cillizza,1
detained,1
doomed,1
upholding,1
predominantly,1
isolated,1
1969,1
1968,1
founding,1
screws,1
advising,1
adha,1
sollender,1
fabrications,1
10th,1
abandoning,1
postcards,1
western,1
airwaves,1
percentage,1
sarcasm,1
neighborhood,1
sober,1
relations,1
heck,1
correctness,1
rain,1
fred,1
eternal,1
herman,1
islanders,1
raid,1
gymnasium,1
diane,1
lasting,1
lauer,1
steelworkers,1
explode,1
potatoes,1
alex,1
rental,1
eugene,1
writing,1
expectations,1
imm,1
london,1
prioritizing,1
harlem,1
funniest,1
complexity,1
danny,1
mesa,1
unfitness,1
widespread,1
writers,1
enq,1
intruders,1
straightforward,1
collude,1
ceremony,1
teamsters,1
joyous,1
entertainer,1
henry,1
boldest,1
lankford,1
mo,1
dodd,1
naive,1
slaughtered,1
ebony,1
feelings,1
conservatives,1
punishment,1
platforms,1
leaves,1
stevie,1
brainpower,1
zach,1
governorship,1
seeks,1
revolves,1
solemn,1
hide,1
estimated,1
akbar,1
streep,1
guidelines,1
harriet,1
kauveri,1
flashy,1
ovation,1
missionary,1
vastly,1
jack,1
regrets,1
whatsoever,1
crises,1
geraldo,1
feeding,1
assembled,1
dynasty,1
hats,1
limited,1
westfield,1
christians,1
dontre,1
claiming,1
83,1
memphis,1
kraft,1
backstop,1
sequel,1
insurer,1
awarded,1
1980,1
1983,1
interdependence,1
guard,1
socks,1
noho,1
decimate,1
hot,1
waving,1
although,1
petty,1
host,1
esl,1
shelter,1
garrett,1
kenansville,1
highlighting,1
infiltrated,1
wider,1
hair,1
heel,1
journalist,1
admitted,1
11pm,1
vibrant,1
burying,1
tests,1
match,1
geraldine,1
churchillian,1
reformer,1
bragging,1
adv,1
graduate,1
dakota,1
creators,1
antonin,1
weapon,1
donnell,1
giuliani,1
sisters,1
grandstand,1
powell,1
eulogize,1
inspector,1
partner,1
entrepreneurial,1
augusta,1
promoter,1
bull,1
essentially,1
465,1
maitner,1
anomaly,1
kitchen,1
warwick,1
blasted,1
copies,1
mouthpiece,1
earning,1
abingdon,1
glorious,1
sexes,1
busted,1
liquidating,1
assure,1
trips,1
exclaim,1
legit,1
vra,1
sorrow,1
janet,1
bruni,1
pattern,1
attempting,1
exploited,1
awaits,1
enhanced,1
motherhood,1
unauthorized,1
unjustified,1
thrived,1
beau,1
487k,1
ambiguity,1
betsy,1
communism,1
inspiring,1
selection,1
morocco,1
disease,1
gather,1
savaged,1
cosby,1
mis,1
concerns,1
mid,1
dictate,1
tide,1
provoke,1
shampoo,1
reaffirm,1
unending,1
lamont,1
pakistani,1
chaser,1
improvements,1
presidencies,1
embarrasses,1
grieving,1
teleprompter,1
backwards,1
postpone,1
lecture,1
ret,1
announcer,1
matt,1
lexington,1
michaels,1
identified,1
warned,1
thrill,1
stunts,1
earle,1
strive,1
preschool,1
mandate,1
denigrate,1
ocare,1
stances,1
twirls,1
arrangement,1
lands,1
stewardship,1
wedding,1
justifiable,1
lined,1
laurie,1
9am,1
collection,1
incompetence,1
sir,1
profile,1
stock,1
winners,1
regions,1
boxing,1
contempt,1
effectively,1
infantry,1
invoices,1
smear,1
unreal,1
stations,1
unscrupulously,1
subscription,1
minions,1
duped,1
nypd,1
enslave,1
payne,1
upcoming,1
deepest,1
belittling,1
gateway,1
lima,1
composed,1
courting,1
existent,1
luis,1
peggy,1
justification,1
exercise,1
3b,1
rivera,1
overtaxed,1
carla,1
crow,1
bleeding,1
overtaxes,1
salah,1
mobilize,1
joel,1
respectful,1
accuse,1
brigade,1
9pme,1
overly,1
rants,1
2009,1
failures,1
ignoramus,1
2006,1
cooked,1
appalling,1
statesman,1
fisher,1
speach,1
restoration,1
lens,1
luxurious,1
ellen,1
intensifying,1
composing,1
200k,1
constant,1
planes,1
kiawah,1
homeownership,1
aldridge,1
incensed,1
newsmax,1
murphy,1
byrne,1
translate,1
steven,1
trumpophobes,1
valiente,1
neutrality,1
cancelable,1
invading,1
abusive,1
beans,1
ounce,1
drama,1
graduation,1
braille,1
fec,1
galifianakis,1
virtues,1
300,1
commentator,1
pen,1
affects,1
scale,1
strongest,1
foolish,1
surging,1
follows,1
bit,1
narcissist,1
bio,1
terris,1
cuz,1
marrying,1
pollster,1
dishonesty,1
alternative,1
distracting,1
1965,1
keys,1
ruth,1
emphasize,1
wherein,1
entirety,1
encountered,1
astound,1
cents,1
shoddy,1
replaced,1
11pme,1
pushpolls,1
nukes,1
creats,1
pocketbook,1
creati,1
ensures,1
upgrades,1
ravages,1
226th,1
zilch,1
restaurant,1
vulgarian,1
reverse,1
defunct,1
vanishing,1
intimidated,1
criminologist,1
vindicated,1
maulama,1
donate,1
feared,1
xfinity,1
11th,1
leslie,1
individual,1
lion,1
cynical,1
safeguarding,1
remove,1
testifying,1
huff,1
silo,1
merchandise,1
breast,1
wonky,1
devastate,1
1314,1
dysfunctional,1
idiots,1
unhappy,1
relent,1
distributed,1
ruin,1
merger,1
jared,1
minimizing,1
gitmo,1
obligations,1
particularly,1
rodhams,1
weigh,1
chester,1
berniesanders,1
humanitarian,1
extremely,1
gope,1
chart,1
trumplandia,1
lifts,1
dancing,1
paths,1
fading,1
aged,1
meltdown,1
showers,1
ages,1
youth,1
savagery,1
doctors,1
favorable,1
livestream,1
park,1
185,1
regulation,1
twenty,1
bullied,1
embraced,1
dont,1
embraces,1
indebted,1
conducted,1
computers,1
laughable,1
riggs,1
longtime,1
numbingly,1
sickness,1
countrymen,1
harm,1
drake,1
stepped,1
iranians,1
males,1
temperment,1
strongmen,1
cnmi,1
lookout,1
carpentry,1
pena,1
29,1
28,1
detainee,1
golfing,1
existence,1
appeals,1
rifles,1
mislead,1
offenses,1
blood,1
questioning,1
maps,1
unexpected,1
bravely,1
purchases,1
guards,1
roosevelt,1
recall,1
vladimir,1
asheville,1
macomb,1
staggering,1
raft,1
jive,1
levine,1
eye,1
busey,1
barker,1
published,1
jackie,1
stretching,1
stupor,1
publisher,1
component,1
christi,1
5000,1
ongoing,1
wrecked,1
dailycaller,1
opted,1
500k,1
lawyer,1
clinch,1
withheld,1
titled,1
20th,1
bangor,1
billie,1
1949z,1
manafort,1
nite,1
premium,1
sleazeball,1
recklessness,1
readership,1
havana,1
481,1
awkwardly,1
decorated,1
privatized,1
victimize,1
thousand,1
drivers,1
retiring,1
girlfriend,1
mcbath,1
videos,1
affection,1
arranged,1
flamboyant,1
extend,1
approves,1
mornings,1
chats,1
pretends,1
decisive,1
caucusgoers,1
fantasy,1
dreaming,1
spreading,1
quietly,1
mixed,1
practical,1
refers,1
despicable,1
brigid,1
expressing,1
inject,1
extensively,1
erase,1
ante,1
perdue,1
chamber,1
identifying,1
mob,1
mon,1
careers,1
heavier,1
clueless,1
barrasso,1
aspect,1
fueling,1
gangs,1
unsolvable,1
parody,1
largely,1
constitutionally,1
assist,1
rainbow,1
joey,1
doctor,1
hijab,1
unwritten,1
sleeping,1
bathrooms,1
disconnected,1
mistreat,1
shopping,1
barre,1
tuning,1
nose,1
shoker,1
grants,1
contractually,1
harbor,1
disappointment,1
hypocrisy,1
similar,1
kirsten,1
boundaries,1
indicted,1
stigma,1
japan,1
honesty,1
tesoro,1
miles,1
gem,1
designated,1
ranking,1
treasury,1
dice,1
corner,1
threshold,1
moderator,1
shop,1
massacres,1
surprising,1
massacred,1
cuban,1
queens,1
complaints,1
investigations,1
pain,1
skinned,1
201,1
personalized,1
fortified,1
kevin,1
nazi,1
20k,1
spectacle,1
topics,1
20t,1
gathering,1
61st,1
greenberg,1
broadcast,1
undertaken,1
moscow,1
allegedly,1
rebuttal,1
rome,1
trumpocrats,1
carnival,1
advance,1
innate,1
spies,1
brooks,1
monster,1
earlier,1
imperative,1
hemmer,1
gonzales,1
3rd,1
thoroughness,1
summary,1
deplorables,1
elephants,1
823,1
careless,1
unpredictability,1
markings,1
lunch,1
impulses,1
finance,1
auriemma,1
pointed,1
cute,1
basket,1
switch,1
borrowing,1
johnson,1
outline,1
podesta,1
guys,1
destructive,1
membership,1
fed,1
misrepresented,1
143,1
staying,1
cowered,1
persuasion,1
uschamber,1
firing,1
9th,1
avoiding,1
fly,1
heartless,1
551,1
freestyle,1
thru,1
ingenuity,1
ariel,1
verge,1
merely,1
statewide,1
wilkes,1
suggestion,1
simultaneous,1
bow,1
earthquake,1
deceit,1
french,1
clerk,1
install,1
hb2,1
suspect,1
banished,1
dim,1
governments,1
billionaire,1
inciting,1
smartphone,1
adviser,1
appleton,1
moratory,1
petersburg,1
manages,1
laura,1
souls,1
skip,1
assume,1
250k,1
authorities,1
digital,1
handed,1
agreeing,1
marking,1
fraternal,1
awhile,1
fashioned,1
strengthening,1
diagnose,1
horrifying,1
tucson,1
bounds,1
emboldened,1
surrender,1
227,1
apprenticeships,1
lows,1
penned,1
ford,1
pensions,1
trayvon,1
editor,1
tennis,1
amazingly,1
dowd,1
doctrine,1
americanism,1
slurs,1
marshal,1
innuendo,1
empowerment,1
burn,1
spewing,1
tracked,1
statistic,1
jupiter,1
wwe,1
somehow,1
dean,1
flattered,1
disillusioned,1
performing,1
opo,1
borderless,1
whichever,1
vanessa,1
assassination,1
buyers,1
fighters,1
assigned,1
warmest,1
jusr,1
practices,1
renaissance,1
declaring,1
galatians,1
governors,1
meets,1
entitled,1
volkswagen,1
grows,1
unfortunate,1
bottles,1
grown,1
sever,1
id,1
cant,1
slc,1
misquoted,1
168,1
saf,1
sooooo,1
deeper,1
riley,1
lovely,1
entered,1
frisk,1
tiny,1
referendum,1
tasted,1
periscope,1
appeared,1
gwen,1
sunherald,1
confronted,1
contribution,1
distinction,1
phylis,1
cousin,1
weary,1
warrior,1
insinuated,1
lethargic,1
tolerance,1
shultz,1
globalism,1
subject,1
interruptions,1
decided,1
zones,1
testing,1
reference,1
decides,1
ethical,1
flagged,1
favors,1
internships,1
bag,1
rofl,1
fields,1
bat,1
cracks,1
monica,1
wearing,1
pigeons,1
judged,1
debts,1
representing,1
northeast,1
transphobia,1
treaties,1
brilliance,1
kristen,1
urgency,1
consumer,1
weakest,1
doc,1
doj,1
mcallen,1
childcare,1
ginger,1
fugedaboudit,1
espouse,1
louder,1
normalizing,1
legalize,1
participated,1
villages,1
gym,1
hollywood,1
ditch,1
warped,1
featured,1
economists,1
features,1
childishly,1
aisle,1
241,1
deceived,1
content,1
restricted,1
collector,1
navy,1
stealing,1
trading,1
aide,1
lucy,1
arrested,1
meat,1
esteemed,1
intimidation,1
overcome,1
carve,1
enlisted,1
differently,1
deck,1
athletes,1
fraudulently,1
goodbye,1
lifesaving,1
purchase,1
becki,1
thankyou,1
bidens,1
minority,1
aboard,1
faults,1
kabul,1
laughs,1
defer,1
setup,1
pacts,1
adult,1
warn,1
intros,1
arms,1
guests,1
specifics,1
pummels,1
buckley,1
baptize,1
resto,1
groveling,1
oman,1
spokane,1
dry,1
interpret,1
active,1
nanny,1
disposable,1
incentives,1
helmets,1
lights,1
asia,1
complexities,1
liberates,1
spouses,1
10t,1
implemented,1
warns,1
10k,1
solution,1
knope,1
affect,1
updates,1
rescue,1
sway,1
protections,1
marcorubio,1
obstruction,1
whoopi,1
dynamic,1
todays,1
commencement,1
persistent,1
martin,1
defunding,1
additionally,1
emerges,1
gifted,1
elaine,1
rumors,1
erie,1
kissel,1
twist,1
dialogue,1
display,1
limit,1
grieve,1
eau,1
hc,1
courts,1
hi,1
hu,1
hs,1
jinx,1
noticed,1
francis,1
managing,1
terence,1
previously,1
nightclub,1
usaf,1
retirements,1
duh,1
moderates,1
peter,1
library,1
payments,1
exploiting,1
264,1
wooed,1
balloons,1
deciding,1
mahoning,1
begala,1
lauren,1
dose,1
accurate,1
42,1
discord,1
energizer,1
reflection,1
paycheck,1
steals,1
frequently,1
fierce,1
effect,1
walters,1
amercan,1
kingly,1
parts,1
balloon,1
demo,1
intimidate,1
hallel,1
smoking,1
consequential,1
disney,1
huntsville,1
pic,1
hernandez,1
int,1
gasp,1
minds,1
kicking,1
tent,1
neither,1
tens,1
tenn,1
accuses,1
preach,1
grab,1
sowing,1
kong,1
123,1
joint,1
crumbling,1
dodge,1
employed,1
employee,1
brighter,1
employer,1
editing,1
shield,1
soldiers,1
12k,1
splintering,1
astonishing,1
awe,1
intentions,1
pensando,1
passionately,1
deploy,1
medals,1
battled,1
luisa,1
instance,1
purchasing,1
microphone,1
goldberg,1
recessed,1
horrors,1
lightly,1
distinguished,1
6th,1
arc,1
beg,1
culture,1
heartedly,1
overwhelming,1
lists,1
earmarked,1
greta,1
mariana,1
annnd,1
prouder,1
adopted,1
revealed,1
wikileaks,1
date,1
justifying,1
benediction,1
determining,1
drowning,1
tromps,1
oblivion,1
jill,1
70s,1
undo,1
reacts,1
eco,1
torres,1
snl,1
critics,1
granddaughters,1
fathom,1
secretly,1
margins,1
separating,1
exceeded,1
snd,1
seniors,1
upward,1
slide,1
laconia,1
fundraisers,1
mastery,1
masters,1
literacy,1
announcers,1
yuge,1
billions,1
surrounds,1
takai,1
louisianans,1
blake,1
vilify,1
isolationism,1
fresno,1
software,1
claire,1
xenophobic,1
advocated,1
immoral,1
233,1
located,1
poetry,1
favorability,1
econ,1
adelson,1
denigrating,1
vehicle,1
metaphor,1
airtime,1
singing,1
addressed,1
manage,1
shake,1
646,1
veered,1
chant,1
collins,1
51yrs,1
experiment,1
paintings,1
verdict,1
stiff,1
exits,1
nausea,1
trough,1
rebuked,1
rebukes,1
grandmas,1
suite,1
suits,1
birthplace,1
gi,1
kate,1
mercer,1
ga,1
proposition,1
gq,1
beholden,1
fayetteville,1
bribe,1
heath,1
youtube,1
practically,1
berrien,1
restrained,1
reservation,1
drag,1
frances,1
reportedly,1
smiles,1
manhattan,1
electrical,1
forgo,1
application,1
enquirer,1
interventions,1
malik,1
fdn,1
circuits,1
reel,1
branch,1
hail,1
gennifer,1
visas,1
rolls,1
congressman,1
wouldnt,1
77,1
benefactor,1
civilization,1
politifact,1
bruising,1
urgent,1
creation,1
sketch,1
saddled,1
weiner,1
manifest,1
donny,1
pillar,1
inviting,1
hornick,1
dearly,1
defies,1
questioned,1
exercising,1
guaranteed,1
taiwan,1
quarters,1
yankees,1
appalled,1
poland,1
holtz,1
bonus,1
classmates,1
karl,1
wmur,1
shuttered,1
grant,1
mitchell,1
287,1
socialist,1
pacs,1
practicality,1
pact,1
compromised,1
circus,1
ada,1
jesuit,1
imam,1
territory,1
gals,1
described,1
primetime,1
phonies,1
sensitive,1
hardline,1
ranked,1
unconscious,1
statistically,1
mcmaster,1
woo,1
blankenship,1
manning,1
patriotism,1
switzerland,1
recommendations,1
boost,1
sacrificed,1
imitating,1
meanwhile,1
edelman,1
randy,1
copyright,1
renegotiate,1
phenomenon,1
shoutout,1
tubes,1
mobile,1
fox2,1
salary,1
exempted,1
electable,1
kai,1
aired,1
nuestras,1
lib,1
lid,1
concentration,1
texans,1
ecuador,1
assaulted,1
financing,1
apprentice,1
steaks,1
1913,1
jordan,1
lynden,1
lawman,1
ioc,1
prople,1
equating,1
dominating,1
arsenal,1
watchdogs,1
heritages,1
drooling,1
partnerships,1
financed,1
neglected,1
scheduled,1
americas,1
migrants,1
heroic,1
ash,1
houses,1
dirt,1
expansive,1
dunk,1
equate,1
hayden,1
temporary,1
travels,1
absurdity,1
deride,1
conflicting,1
heavy,1
infer,1
yt,1
floating,1
2yrs,1
yo,1
taxpayer,1
sooo,1
35m,1
ego,1
bashing,1
fi,1
fa,1
40pmet,1
vigilance,1
ratified,1
lacks,1
749,1
spontaneous,1
excuse,1
5424,1
incentive,1
bash,1
earliest,1
toys,1
aimed,1
inspires,1
alzheimer,1
heartbroken,1
base,1
soldier,1
colored,1
ma,1
raton,1
certificates,1
witnessed,1
consumers,1
unheard,1
fence,1
ass,1
reaffirming,1
louis,1
bridgeport,1
heaven,1
bombed,1
jensen,1
1930s,1
monty,1
deadline,1
thoughtful,1
unrest,1
surrounded,1
restored,1
corey,1
9trillion,1
dubuque,1
ineligible,1
evenings,1
valid,1
selfishly,1
crosse,1
salem,1
sales,1
describe,1
momentarily,1
illnesses,1
builders,1
removing,1
area,1
heated,1
backup,1
predatory,1
invested,1
nmi,1
raul,1
1933,1
asap,1
willie,1
payed,1
1858,1
enacting,1
exposes,1
dinesh,1
apartments,1
occasions,1
35pm,1
endorser,1
pounds,1
heightened,1
daught,1
ruled,1
reap,1
earnest,1
ame,1
phelps,1
laundering,1
verse,1
lender,1
conclude,1
inflammatory,1
sweeping,1
noah,1
frankie,1
closest,1
stickers,1
property,1
heels,1
metric,1
soil,1
countless,1
stems,1
wounds,1
dictator,1
repackaging,1
learning,1
nykea,1
delete,1
propaganda,1
noonan,1
staffer,1
thurs,1
feuds,1
estab,1
israeli,1
sport,1
anchored,1
incarcerated,1
concert,1
seldom,1
bankrupting,1
interstate,1
taunting,1
sierra,1
skits,1
misidentifies,1
title,1
teamed,1
discovered,1
fifty,1
londonderry,1
leicester,1
iowans,1
ferraro,1
mrs,1
implications,1
cheaters,1
importantly,1
deniers,1
palazzo,1
annella,1
manufacturers,1
hoosiers,1
breakfast,1
distorted,1
13th,1
crossover,1
slap,1
investors,1
flowers,1
tragic,1
households,1
pander,1
sheep,1
size,1
drove,1
invasion,1
rino,1
comprised,1
620,1
entrusted,1
promotion,1
invitation,1
british,1
cycles,1
inevitable,1
marine,1
marina,1
excelsior,1
carr,1
fargo,1
rational,1
lawyers,1
teams,1
replay,1
challenged,1
wonk,1
outrageously,1
thankful,1
wont,1
scaling,1
barron,1
testimony,1
acknowledge,1
stayed,1
richards,1
haircut,1
indeed,1
approx,1
futures,1
grandson,1
gulbis,1
drastic,1
unbeatable,1
1pme,1
supremacy,1
december,1
dedicated,1
fulton,1
cal,1
car,1
organizations,1
missionaries,1
hesitates,1
menstrual,1
wonderfully,1
bury,1
subvert,1
redstate,1
rarely,1
marked,1
lending,1
extra,1
churchill,1
homecoming,1
franklin,1
flamed,1
flames,1
clubgoers,1
suckers,1
demonizing,1
oaks,1
assistance,1
curse,1
rapist,1
helpless,1
upped,1
discover,1
bravo,1
gut,1
evader,1
soooo,1
trifecta,1
aggressively,1
anonymous,1
grill,1
futuramics,1
graph,1
zone,1
domination,1
cheated,1
acted,1
outreach,1
jong,1
rawlings,1
prayer,1
moore,1
guesses,1
medication,1
isil,1
emotional,1
invincible,1
responding,1
pummled,1
infomercial,1
lowest,1
conservation,1
81st,1
tonights,1
diner,1
properties,1
peer,1
illustration,1
denied,1
robocall,1
sends,1
lashes,1
starvation,1
533,1
insurgent,1
retreat,1
unification,1
boxes,1
editorials,1
mocked,1
openings,1
transformed,1
wright,1
photographer,1
poses,1
quotes,1
gravity,1
athletic,1
nationalists,1
musical,1
contact,1
1970,1
1971,1
scenario,1
blamed,1
faiths,1
depict,1
evil,1
biles,1
hank,1
incorrectly,1
grapple,1
perform,1
tremendously,1
thursdays,1
sousa,1
davenport,1
aig,1
rationally,1
conviction,1
gracious,1
lauderdale,1
equivocation,1
dozens,1
flexible,1
buffett,1
condemned,1
resignation,1
tony,1
haltingly,1
spluttering,1
peacefully,1
receives,1
steer,1
cow,1
psychologists,1
packages,1
wv,1
wa,1
misguided,1
listeners,1
caved,1
wonkiest,1
horrendous,1
triumphed,1
steal,1
bandwidth,1
suffrage,1
covering,1
tsa,1
roseanne,1
nullified,1
hrs,1
guidance,1
muscatine,1
reserve,1
sun,1
aunt,1
swamp,1
involving,1
extending,1
exercised,1
gravy,1
latter,1
genuine,1
superstorm,1
portraits,1
respecting,1
powers,1
hacking,1
iron,1
forensic,1
stateswoman,1
target,1
honolulu,1
dogs,1
compromise,1
approximately,1
perkins,1
kim,1
ordering,1
caricaturing,1
mvp,1
certified,1
appointments,1
lawless,1
forth,1
medicine,1
sununu,1
daniel,1
wgc,1
lifted,1
alleys,1
anastasia,1
backgrounds,1
touring,1
somewhere,1
misconduct,1
satisfied,1
devote,1
greed,1
green,1
stimulate,1
greet,1
meaningful,1
hong,1
80k,1
pizza,1
gamble,1
ordinary,1
disappoint,1
disappear,1
tornadoes,1
dutchess,1
fronting,1
indies,1
faked,1
uaw,1
indie,1
piers,1
1999,1
1996,1
1994,1
1990,1
harnessing,1
championships,1
snarky,1
bombast,1
recuperate,1
devastation,1
refocus,1
postponed,1
adopt,1
interns,1
churches,1
toll,1
revolutionize,1
qaddafi,1
falwell,1
sellers,1
distort,1
whack,1
regan,1
yikes,1
rural,1
spokesmen,1
searches,1
inspiration,1
shattering,1
numberd,1
dismantle,1
repeat,1
stockpile,1
ind,1
ink,1
inn,1
undecideds,1
placed,1
excitement,1
newtown,1
fiscal,1
function,1
naturally,1
troubling,1
disapproval,1
terminated,1
booed,1
alliance,1
executives,1
documentary,1
whistles,1
holdings,1
angeles,1
miner,1
residences,1
benefitted,1
mezvinsky,1
capability,1
forgiven,1
recognition,1
opioid,1
emmy,1
chairs,1
fools,1
belgium,1
increases,1
criminalize,1
famously,1
overdoses,1
checking,1
wimpy,1
outlines,1
glue,1
softening,1
command,1
indonesia,1
disrupted,1
afghan,1
dust,1
paving,1
overseeing,1
upon,1
outbreak,1
bishop,1
ransom,1
vw,1
optimistic,1
site,1
delaying,1
balance,1
thara,1
poured,1
admin,1
oakland,1
cs,1
cd,1
cc,1
cl,1
puff,1
figures,1
trumpu,1
invited,1
quitter,1
explosive,1
legitimize,1
trump2,1
partisan,1
generational,1
travis,1
catastrophic,1
strengthened,1
summon,1
lucky,1
familiar,1
familias,1
jan,1
zandi,1
principal,1
brink,1
biker,1
gunsense,1
400m,1
enlist,1
segment,1
rollout,1
nielson,1
claremont,1
nancy,1
pete,1
toughest,1
faceswap,1
competence,1
latina,1
4000,1
poisons,1
trusting,1
devotion,1
negatively,1
appealing,1
applauds,1
38k,1
haver,1
behaved,1
backdoor,1
los,1
deceptive,1
starker,1
billings,1
disposed,1
450,1
davis,1
assumed,1
spill,1
regulators,1
inferiority,1
durban,1
stunningly,1
fundamentally,1
rumor,1
glasses,1
harrisburg,1
disrupter,1
designs,1
2013,1
2010,1
2011,1
2017,1
instruments,1
operative,1
classy,1
robot,1
22nd,1
muppets,1
upstate,1
fitr,1
demonstrating,1
pigs,1
aspiring,1
intelligent,1
magnificently,1
animal,1
escalating,1
educational,1
tantrums,1
purposes,1
rode,1
discussed,1
pawn,1
perfecting,1
fulfill,1
insists,1
clients,1
athlete,1
animals,1
unopposed,1
dealings,1
forefathers,1
cheered,1
tools,1
outcomes,1
maker,1
stephanie,1
invented,1
slogans,1
punch,1
panelists,1
proliferation,1
692,1
insecure,1
indian,1
enclosed,1
sexism,1
anxious,1
damning,1
marry,1
experiencing,1
transmission,1
magic,1
northwestern,1
wipe,1
sexist,1
dislike,1
citing,1
byrd,1
centers,1
flashback,1
highways,1
advisory,1
fresh,1
walker,1
summit,1
watertown,1
walked,1
kiiara,1
lane,1
sides,1
scrum,1
energetic,1
scapegoat,1
outsourced,1
tarp,1
lightweights,1
fixing,1
takedown,1
deadliest,1
nationalist,1
cir,1
inhumane,1
starkest,1
link,1
jewish,1
litigate,1
occupy,1
specifically,1
glowingly,1
ints,1
awaited,1
garbage,1
trounced,1
dictated,1
bs,1
bp,1
thrower,1
broadband,1
curious,1
palm,1
spring,1
methods,1
scape,1
communications,1
consensus,1
throwed,1
underachieving,1
quest,1
suffering,1
instructors,1
demands,1
qumber,1
pillars,1
aloha,1
readers,1
buchanan,1
akonjee,1
fabrication,1
medicaid,1
flooded,1
ugliness,1
spectacular,1
renounced,1
ragan,1
binding,1
calculator,1
hoping,1
pound,1
disproportionate,1
forgetting,1
expanded,1
systematic,1
sleeves,1
silenced,1
sweetheart,1
unpatriotic,1
devil,1
belt,1
unelectable,1
leon,1
underperforming,1
loaf,1
blaze,1
connection,1
prospects,1
empowering,1
compliment,1
monsters,1
nope,1
muted,1
aberdeen,1
allis,1
outlaw,1
frantically,1
disregarding,1
untreated,1
banner,1
4pme,1
boarding,1
indifference,1
overwhelmed,1
session,1
despise,1
barrel,1
omaha,1
unequal,1
________,1
accepting,1
defections,1
lynne,1
recognizing,1
swanky,1
dismantling,1
disrespected,1
iranian,1
appreciation,1
immediate,1
sympathies,1
philanthropy,1
litany,1
guest,1
guam,1
warheads,1
expedient,1
qualify,1
mattered,1
psychology,1
dapa,1
bends,1
courses,1
icymi,1
propose,1
lowell,1
ally,1
caesars,1
bakari,1
signs,1
attitude,1
resorts,1
fundamental,1
broadcasting,1
ethics,1
backyard,1
waver,1
entrepreneurship,1
intended,1
earnings,1
dismissed,1
sr,1
hbcus,1
station,1
staten,1
suggestions,1
morgan,1
foundations,1
nonviolent,1
ate,1
initiated,1
teen,1
pearl,1
858,1
vip,1
xico,1
followed,1
legend,1
lobbyist,1
empower,1
crump,1
dwells,1
contrast,1
corker,1
undecided,1
section,1
clock,1
healed,1
penalties,1
mammal,1
sane,1
condition,1
24th,1
hughes,1
tk,1
alvarez,1
riots,1
illustrates,1
ty,1
abdeslam,1
consciences,1
oprah,1
natalie,1
shipping,1
6m,1
intention,1
vocational,1
walks,1
ap,1
watches,1
ak,1
ag,1
regimes,1
rust,1
abuser,1
buying,1
reps,1
sealed,1
jerks,1
impressive,1
pivot,1
roberta,1
burning,1
moonshot,1
stony,1
joyner,1
package,1
aca,1
retains,1
restoring,1
aleatha,1
23rd,1
scholarships,1
scandals,1
demeaning,1
realdonaldtrump,1
sack,1
auditorium,1
inter,1
64,1
millennials,1
vague,1
libs,1
traffic,1
pos,1
joyful,1
countrywomen,1
coded,1
sixteen,1
summer,1
hubby,1
veal,1
tracking,1
costa,1
gingrich,1
barber,1
agnstt,1
cheers,1
singapore,1
breakdown,1
underestimate,1
rooting,1
engages,1
sameach,1
tubman,1
hayes,1
prominence,1
hashtag,1
coughing,1
influence,1
starters,1
gist,1
breath,1
locally,1
chag,1
boat,1
considers,1
sentinel,1
bader,1
expression,1
loudly,1
millionaire,1
busting,1
californians,1
screen,1
bureau,1
alarming,1
maturity,1
refresher,1
revitalizing,1
espa,1
16th,1
disparage,1
ut,1
bombs,1
roger,1
priest,1
misdemeanor,1
hermanos,1
congressional,1
equipped,1
slob,1
slow,1
slot,1
friction,1
opportunist,1
remarks,1
eldest,1
instructed,1
coliseum,1
turner,1
prestigious,1
argument,1
supremacist,1
disruptors,1
cavalier,1
siding,1
depressed,1
overtaken,1
iceberg,1
surged,1
slashed,1
naral,1
fmr,1
23,1
mannan,1
tamara,1
reveals,1
locations,1
jetliners,1
unnamed,1
complicated,1
seventh,1
smalls,1
formula,1
boundless,1
sniveling,1
brags,1
actively,1
crushing,1
square,1
materializes,1
quarter,1
shouted,1
matches,1
petition,1
aviv,1
disconnect,1
thoughtfulness,1
kellyanne,1
unfavorably,1
pulled,1
wolves,1
sm,1
stress,1
shockingly,1
improving,1
applications,1
spot,1
explorer,1
laundry,1
slams,1
winter,1
monitoring,1
locks,1
nascar,1
admired,1
detached,1
incites,1
deserved,1
apparent,1
scratched,1
theoretical,1
syrians,1
cherished,1
predictions,1
cherishes,1
bloody,1
logical,1
curtailing,1
influx,1
impacted,1
unenthusiastic,1
grandparents,1
jury,1
celebrates,1
crashing,1
elton,1
shirts,1
bulldozed,1
boca,1
sigh,1
lapierre,1
solver,1
orientations,1
mourn,1
cataclysmic,1
refinance,1
allegations,1
paychecks,1
bribed,1
suspending,1
lara,1
92,1
bandits,1
skate,1
8ame,1
ul,1
renegotiating,1
overturned,1
highness,1
unmatched,1
15k,1
persecution,1
intent,1
rollins,1
outage,1
models,1
developers,1
cambodia,1
crutcher,1
dealer,1
exist,1
152,1
devices,1
survive,1
forming,1
greatness,1
authorized,1
sow,1
beings,1
facility,1
binder,1
mcmanamon,1
fog,1
impulsively,1
fop,1
sebastian,1
massively,1
possibly,1
falter,1
reboot,1
slovenia,1
plaats,1
elliott,1
format,1
buckles,1
player,1
congratulation,1
castro,1
tapes,1
dave,1
9500,1
deportations,1
privilege,1
stadium,1
frm,1
source,1
insatiably,1
258,1
eradicate,1
estates,1
windham,1
carbon,1
schooled,1
felony,1
nature,1
kersee,1
conceptual,1
hammer,1
bled,1
nicely,1
mend,1
statehouse,1
bust,1
touches,1
orleans,1
lessons,1
heckler,1
signatures,1
tech,1
leinonen,1
cams,1
upend,1
singer,1
morality,1
drought,1
rears,1
wells,1
45th,1
kremlin,1
eagerly,1
affairs,1
dozen,1
pandemics,1
overregulates,1
boston,1
runner,1
bodyguards,1
pneumonia,1
coward,1
predictable,1
collapse,1
touting,1
rone,1
lego,1
renovated,1
olds,1
170,1
langston,1
179,1
spinning,1
channels,1
petraeus,1
shipped,1
ministries,1
panetta,1
exposing,1
poles,1
enormous,1
strawman,1
enhance,1
elsewhere,1
kayla,1
surveys,1
clarence,1
abbott,1
engineer,1
donahue,1
trending,1
truman,1
bowls,1
allah,1
rink,1
xx,1
carolinians,1
mongering,1
songwriter,1
zucker,1
striking,1
conned,1
welcomes,1
benefited,1
vary,1
confederate,1
dreamed,1
welcomed,1
nonsensical,1
cigarettes,1
presiding,1
headquarters,1
mcquaid,1
beauty,1
symposium,1
louisville,1
worldview,1
reviewing,1
caution,1
organized,1
household,1
famer,1
revenues,1
locker,1
accomplishment,1
circumstances,1
97,1
tying,1
hereby,1
relax,1
paperwork,1
bedrock,1
music,1
unit,1
univ,1
hamas,1
golden,1
criticism,1
climber,1
controversy,1
wiseguy,1
brainwashed,1
jasmine,1
succumb,1
contributes,1
ibtihaj,1
bonuses,1
pulse,1
caryn,1
drehle,1
forties,1
dels,1
digit,1
sinking,1
electricity,1
marching,1
woody,1
plaudits,1
